{
  "hist_delta_BIC": {
    "bins": [
      -10.019048256946988,
      -9.889829168122004,
      -9.76061007929702,
      -9.631390990472037,
      -9.502171901647053,
      -9.372952812822069,
      -9.243733723997085,
      -9.114514635172101,
      -8.985295546347118,
      -8.856076457522132,
      -8.726857368697148,
      -8.597638279872164,
      -8.46841919104718,
      -8.339200102222197,
      -8.209981013397213,
      -8.08076192457223,
      -7.9515428357472455,
      -7.822323746922262,
      -7.693104658097278,
      -7.563885569272294,
      -7.43466648044731,
      -7.305447391622327,
      -7.176228302797342,
      -7.047009213972358,
      -6.917790125147374,
      -6.788571036322391,
      -6.659351947497407,
      -6.530132858672422,
      -6.400913769847438,
      -6.2716946810224545,
      -6.142475592197471
    ],
    "counts": [
      1,
      0,
      0,
      0,
      0,
      0,
      0,
      0,
      0,
      0,
      0,
      0,
      0,
      1,
      0,
      0,
      0,
      0,
      0,
      0,
      0,
      0,
      0,
      0,
      0,
      0,
      0,
      0,
      0,
      1
    ]
  },
  "s_frac": [
    0.0,
    0.09262695312500001,
    0.0
  ],
  "chi2_red": [
    0.24591480937397536,
    0.9999381958204855,
    0.16527682114381093
  ],
  "DW": [
    2.160676076521619,
    0.43944659249531914,
    0.3103018941729371
  ],
  "rho_AR1": [
    -0.28728228489939295,
    0.4890362318823467,
    0.8357589562525781
  ],
  "BP_pvalue": [
    0.09797825614715272,
    0.1743008407728718,
    0.005898260009794236
  ],
  "counts": {
    "LCDM_ISO_selected": 1,
    "failures": 0,
    "failure_reasons": {},
    "bic_status": {
      "both_finite": 3
    }
  }
}