{
  "hist_delta_BIC": {
    "bins": [
      -324.23604404520086,
      -316.1026525744368,
      -307.9692611036727,
      -299.8358696329086,
      -291.70247816214453,
      -283.5690866913804,
      -275.4356952206163,
      -267.30230374985223,
      -259.16891227908815,
      -251.03552080832407,
      -242.90212933755998,
      -234.76873786679587,
      -226.6353463960318,
      -218.5019549252677,
      -210.3685634545036,
      -202.23517198373952,
      -194.10178051297544,
      -185.96838904221136,
      -177.83499757144727,
      -169.70160610068316,
      -161.56821462991908,
      -153.434823159155,
      -145.3014316883909,
      -137.1680402176268,
      -129.03464874686273,
      -120.90125727609865,
      -112.76786580533457,
      -104.63447433457046,
      -96.50108286380637,
      -88.36769139304229,
      -80.23429992227817
    ],
    "counts": [
      1,
      0,
      0,
      0,
      0,
      0,
      0,
      0,
      0,
      0,
      0,
      0,
      0,
      0,
      0,
      0,
      0,
      0,
      0,
      0,
      0,
      0,
      0,
      0,
      0,
      0,
      0,
      0,
      0,
      2
    ]
  },
  "s_frac": [
    0.0,
    0.0,
    0.0
  ],
  "chi2_red": [
    0.0222187891474345,
    0.12484372057221982,
    0.02834197836352251
  ],
  "DW": [
    2.8724486968665324,
    3.7216830313393974,
    2.244099056107536
  ],
  "rho_AR1": [
    -0.6425709829191475,
    -0.8619352468166184,
    -0.15629384359582454
  ],
  "BP_pvalue": [
    0.2014619908271897,
    0.2978869499291448,
    0.0004274622878267418
  ],
  "counts": {
    "EGR10_selected": 3,
    "failures": 0,
    "failure_reasons": {},
    "bic_status": {
      "F7_fallback": 3
    }
  }
}