covariate,bin,n_BIC,wins_BIC,wins_pct_BIC,q1_BIC,med_BIC,q3_BIC,n_AICc,wins_AICc,wins_pct_AICc,q1_AICc,med_AICc,q3_AICc
R_max,Q1,114,104,0.9122807017543859,8.243176419841678,16.926762893033793,33.26242292266045,114,96,0.8421052631578947,13.234401189485576,27.856347400888964,33.73705936426154
R_max,Q2,113,80,0.7079646017699115,-1.2279910180930926,9.947721371059655,22.441674217740623,113,51,0.45132743362831856,-40.11383718459791,-4.893465233359038,22.853724303756877
R_max,Q3,113,79,0.6991150442477876,-4.631532066114431,11.283046374393322,36.45288187285877,113,61,0.5398230088495575,-30.736961909612745,2.624701705041524,34.046967790101405
